{
    "Yukari" : "Yukari",
    "Kouichi" : "Kouichi",
    "Kouchi" : "Kouichi",
    "Taka" : "Taka",
    "Teshy" : "Teshy",
    "Saruta" : "Saruta",
    "Tamie" : "Tamie",
    "Ryouhei" : "Ryouhei",
    "Nakao" : "Nakao",
    "Kirika" : "Kirika",
    "Doctor" : "Doctor",
    "Sugiura" : "Sugiura",
    "Boy1" : " Boy 1",
    "Boy2" : "Boy 2",
    "Reiko" : "Reiko",
    "Amane" : "Amane",
    "Kubodera" : "Kubodera",
    "Mochizuki" : "Mochizuki",
    "Chibiki" : "Chibiki",
    "Teshigawara" : "Teshigawara",
    "Teshigarara" : "Teshigawara",
    "Takabayashi" : "Takabayashi",
    "Matsunaga" : "Matsunaga",
    "Tomoka" : "Tomoka",
    "Police1" : "Police 1",
    "Police2" : "Police 2",
    "ArtistA" : "Artist A",
    "ArtistB" : "Artist B",
    "ArtistC" : "Artist C",
    "ArtistD" : "Artist D",
    "Girl1" : "Girl 1",
    "Girl2" : "Girl 2",
    "Girl3" : "Girl 3",
    "Ogura" : "Ogura",
    "Numata" : "Numata",
    "Maejima" : "Maejima",
    "Tsujii" : "Tsujii",
    "Bird" : "Bird",
    "Yousuke" : "Yousuke",
    "Phone" : "Phone",
    "Ouji" : "Ouji",
    "Izumi" : "Izumi",
    "Mizuno" : "Mizuno",
    "Mikami" : "Mikami",
    "Kubo" : "Kubo",
    "Boy" : "Boy",
    "Girl" : "Girl",
    "Ayano" : "Ayano",
    "Kazami" : "Kazami",
    "Kawahori" : "Kawahori",
    "Watanabe" : "Watanabe",
    "Matsui" : "Matsui",
    "Arita" : "Arita",
    "Misaki" : "Misaki",
    "Mei" : "Mei",
    "All" : "All",
    "Girls" : "Girls",
    "" : "---"
}
