{  
    "title" : "Laid-Back Camp",
    "season" : "Season 2",
    "episodes" : {
        "E1 - Curry Noodles Are the Best Travel Companion" : "https://www.crunchyroll.com/watch/GD9UVN7MX/curry-noodles-are-the-best-travel-companion",
        "E2 - New Year's Solo Camper Girl" : "https://www.crunchyroll.com/watch/G31UXPJZ4/new-years-solo-camper-girl",
        "E3 - Surprise Camping and Some Deep Thoughts" : "https://www.crunchyroll.com/watch/GPWUKQ2D9/surprise-camping-and-some-deep-thoughts",
        "E4 - What Are You Buying With Your Temp Job Money?" : "https://www.crunchyroll.com/watch/G2XU02P4X/what-are-you-buying-with-your-temp-job-money",
        "E5 - Caribou-kun and Lake Yamanaka" : "https://www.crunchyroll.com/watch/G8WUNDQGV/caribou-kun-and-lake-yamanaka",
        "E6 - Cape Ohmama in Winter" : "https://www.crunchyroll.com/watch/GZ7UV752M/cape-ohmama-in-winter",
        "E7 - Nadeshiko's Solo Camp Planning" : "https://www.crunchyroll.com/watch/GD9UVN0QV/nadeshikos-solo-camp-planning",
        "E8 - Camping Alone" : "https://www.crunchyroll.com/watch/GQJUGD8VM/camping-alone",
        "E9 - Winter's End and the Day of Departure" : "https://www.crunchyroll.com/watch/G50UZ23XG/winters-end-and-the-day-of-departure",
        "E10 - The Izu Camp Trip Begins!" : "https://www.crunchyroll.com/watch/GWDU89ZEZ/the-izu-camp-trip-begins",
        "E11 - Izu Camping!! On the Way" : "https://www.crunchyroll.com/watch/GG1U2MP4K/izu-camping-on-the-way",
        "E12 - Izu Camping!!! Birthdays!" : "https://www.crunchyroll.com/watch/G0DUN3EDQ/izu-camping-birthdays",
        "E13 - I'm Home" : "https://www.crunchyroll.com/watch/GEVUZPVXP/im-home"
    }
}
