{
    "Rin" : "Rin",
    "Nadeshiko" : "Nadeshiko",
    "NSister" : "Sakura",
    "Onee-chan" : "Sakura",
    "Ena" : "Ena",
    "Saito" : "Ena",
    "Saitou" : "Ena",
    "Chiaki" : "Chiaki",
    "Aoi" : "Aoi",
    "Akari" : "Akari",
    "Sensei" : "Minami",
    "Ayano" : "Ayano",
    "Seki" : "Seki",
    "SMom" : "Saki",
    "SDad" : "Wataru",
    "NDad" : "Shuichiro",
    "NMom" : "Shizuka",
    "Ohmachi" : "Ohmachi",
    "Haruka" : "Haruka",
    "Takuto" : "Hiroto",
    "DDad" : "Dad",
    "Ar" : "Receptionist",
    "fA" : "Old lady",
    "Ab" : "Boy",
    "Bf" : "Woman",
    "W1" : "Woman A",
    "W2" : "Woman B",
    "M1" : "Man A",
    "M2" : "Man B",
    "Bm" : "Man",
    "K1" : "Kid A",
    "K2" : "Kid B",
    "Ph" : "Phone",
    "Phone" : "Phone",
    "Iidad" : "Iida",
    "Narration" : "Narrator",
    "Zombies" : "Zombies",
    "RSister" : "Ryouko",
    "Iguchi" : "Iguchi",
    "Camera" : "Camera",
    "Iida Daughter" : "Iida's daughter",
    "Iida Dad" : "Iida",
    "Chef" : "Chef",
    "Grandma" : "Grandma",
    "Grandpa" : "Grandpa",
    "Am" : "Old man",
    "Pizza" : "Saleslady",
    "Saleslady" : "Saleslady",
    "Pinecones" : "Pinecones",
    "Pinecone" : "Pinecone",
    "Guy" : "Man",
    "N" : "Narrator",
    "Shop" : "Shopkeeper",
    "Stall" : "Stall clerk",
    "Shrine" : "Shrinekeeper",
    "Camp" : "Camp Receptionist",
    "Student" : "Student",
    "Caribou-sama" : "Caribou-sama",
    "Waiter" : "Waiter",
    "Deer" : "Deer",
    "Customer" : "Customer",
    "Squirrel" : "Squirrel",
    "Tree A" : "Tree A",
    "Tree B" : "Tree B",
    "The Last Pinecone" : "The Last Pinecone",
    "All" : "All",
    "PA" : "PA",
    "Inn" : "Innkeeper",
    "Popo" : "Popo",
    "Ac" : "Choko's owner",
    "Kiritanpo" : "Kiritanpo",
    "Narrator" : "Narrator",
    "" : "---"
}
