{  
    "title" : "Steins;Gate",
    "season" : "Season 1",
    "episodes" : {
        "E1 - Prologue to the Beginning and End" : "https://www.crunchyroll.com/watch/GR09N5K9R/prologue-to-the-beginning-and-end",
        "E2 - Time Travel Paranoia" : "https://www.crunchyroll.com/watch/GR75EXG1Y/time-travel-paranoia",
        "E3 - Parallel World Paranoia" : "https://www.crunchyroll.com/watch/G6X0XGW3Y/parallel-process-paranoia",
        "E4 - Interpreter Rendezvous" : "https://www.crunchyroll.com/watch/GY19MWDVR/interpreter-rendezvous",
        "E5 - Starmine Rendezvous" : "https://www.crunchyroll.com/watch/GYQ4VDN36/starmine-rendezvous",
        "E6 - Butterfly Effect's Divergence" : "https://www.crunchyroll.com/watch/GRWE7W5QR/butterfly-effects-divergence",
        "E7 - Divergence Singularity" : "https://www.crunchyroll.com/watch/G609N5KE6/divergence-singularity",
        "E8 - Chaos Theory Homeostasis I" : "https://www.crunchyroll.com/watch/GYX0XGWKR/chaos-theory-homeostasis",
        "E9 - Chaos Theory Homeostasis II" : "https://www.crunchyroll.com/watch/GYX0XGWKR/chaos-theory-homeostasis",
        "E10 - Chaos Theory Homeostasis III" : "https://www.crunchyroll.com/watch/GR19MWD26/chaos-theory-homeostatis",
        "E11 - Dogma in Event Horizon" : "https://www.crunchyroll.com/watch/GYNQ4NG0Y/dogma-in-event-horizon",
        "E12 - Dogma in Ergosphere" : "https://www.crunchyroll.com/watch/G6MG9JWG6/dogma-in-ergosphere",
        "E13 - Metaphysics Necrosis" : "https://www.crunchyroll.com/watch/G63V20NWY/metaphysics-necrosis",
        "E14 - Physically Necrosis" : "https://www.crunchyroll.com/watch/GR2P3GJER/physically-necrosis",
        "E15 - Missing Link Necrosis" : "https://www.crunchyroll.com/watch/GRZXNEV9Y/missing-link-necrosis",
        "E16 - Sacrificial Necrosis" : "https://www.crunchyroll.com/watch/G6Q4VD73R/sacrificial-necrosis",
        "E17 - Made in Complex" : "https://www.crunchyroll.com/watch/GYWE7WNQY/made-in-complex",
        "E18 - Fractal Androgynous" : "https://www.crunchyroll.com/watch/GR09N54ER/fractal-androgynous",
        "E19 - Endless Apoptosis" : "https://www.crunchyroll.com/watch/GR75EX3JY/endless-apoptosis",
        "E20 - Finalize Apoptosis" : "https://www.crunchyroll.com/watch/G6X0XGKKY/finalize-apoptosis",
        "E21 - Paradox Meltdown" : "https://www.crunchyroll.com/watch/GY19MW12R/paradox-meltdown",
        "E22 - Being Meltdown" : "https://www.crunchyroll.com/watch/G6NQ4NN06/being-meltdown",
        "E23 - Open the Steins Gate" : "https://www.crunchyroll.com/watch/GRMG9JJGR/open-the-steins-gate",
        "E24 - Achievement Point" : "https://www.crunchyroll.com/watch/GR3V200W6/achievement-point"
    }
}
