{  
    "title" : "Laid-Back Camp",
    "season" : "Season 1",
    "episodes" : {
        "E1 - Mount Fuji and Curry Noodles" : "https://www.crunchyroll.com/watch/G6095ZK26/mount-fuji-and-curry-noodles",
        "E2 - Welcome to the Outdoor Activities Club!" : "https://www.crunchyroll.com/watch/GR5VWKW8R/welcome-to-the-outdoor-activities-club",
        "E3 - Mount Fuji and Relaxed Hot Pot Camp" : "https://www.crunchyroll.com/watch/GRGGQJ53R/mount-fuji-and-relaxed-hot-pot-camp",
        "E4 - The Outdoor Activities Club and the Solo Camping Girl" : "https://www.crunchyroll.com/watch/GRP8K3JDR/the-outdoor-activities-club-and-the-solo-camping-girl",
        "E5 - Two Camps, Two Campers' Views" : "https://www.crunchyroll.com/watch/GRZXN07MY/two-camps-two-campers-views",
        "E6 - Meat and Fall Colors and the Mystery Lake" : "https://www.crunchyroll.com/watch/G6P5750G6/meat-and-fall-colors-and-the-mystery-lake",
        "E7 - A Night on the Lake Shore and Campers" : "https://www.crunchyroll.com/watch/G6QWG8746/a-night-on-the-lake-shore-and-campers",
        "E8 - Exams, Caribou, Steamed Buns, Yum!" : "https://www.crunchyroll.com/watch/G6DK0EV9R/exams-caribou-steamed-buns-yum",
        "E9 - A Night of Navigator Nadeshiko and Hot Spring Steam" : "https://www.crunchyroll.com/watch/GYQWGZ0ZY/a-night-of-navigator-nadeshiko-and-hot-spring-steam",
        "E10 - Clumsy Travelers and Camp Meetings" : "https://www.crunchyroll.com/watch/G63K433Z6/clumsy-travelers-and-camp-meetings",
        "E11 - Christmas Camp!" : "https://www.crunchyroll.com/watch/GR5P0215R/christmas-camp",
        "E12 - Mount Fuji and the Laid-Back Camp Girls" : "https://www.crunchyroll.com/watch/GRVDWDNDR/mount-fuji-and-the-laid-back-camp-girls"
    }
}
