{
    "Creepy Pinecone" : "Creepy Pinecone",
    "Creepy Narrator" : "Creepy Narrator",
    "A" : "Ena",
    "B" : "Girl B",
    "C" : "Girl C",
    "D" : "Girl D",
    "E" : "Girl E",
    "mA" : "Man A",
    "fAb" : "Woman",
    "fA" : "Woman A",
    "fB" : "Woman B",
    "Toque" : "Itou",
    "<" : "<",
    ">" : ">",
    "<-" : "<-",
    "->" : "->",
    "Text" : "---",
    "Weird Blue" : "Rin",
    "Blue" : "Rin",
    "Bearhead" : "Rin",
    "Bears Discover Grill" : "Rin",
    "Bear" : "Rin",
    "Sister" : "Sakura",
    "Big Pink" : "Sakura",
    "Glasses Pink" : "Sakura",
    "Nommer's Sister" : "Sakura",
    "Pink" : "Nadeshiko",
    "Pink Doggo" : "Nadeshiko",
    "Nommer" : "Nadeshiko",
    "Marry me" : "Nadeshiko",
    "Or not" : "Nadeshiko",
    "Glasses" : "Chiaki",
    "Where'd Glasses Go" : "Chiaki",
    "Imomushi Glasses" : "Chiaki",
    "Sirens" : "Chiaki & Aoi",
    "NNNNNN" : "Narrator",
    "Professor" : "(Professor) Chiaki",
    "Sensei" : "(Not) Sensei",
    "Osakaish" : "Aoi",
    "Green" : "Aoi",
    "Funny clothes" : "Liquor Store Manager",
    "Radio" : "(Radio) Itou",
    "Probably Sports" : "Ena",
    "Probably sports" : "Ena",
    "Saitou" : "Ena",
    "Not sports" : "Ena",
    "Followers" : "Nadeshiko & Kids",
    "Bears Discover Fire" : "Rin",
    "Bears Discover Heater" : "Rin",
    "Bears Discover Toques" : "Rin",
    "Bears Discover High Noon" : "Rin",
    "Bears Discover Mukbang" : "Rin",
    "Bears Discover S2 Plz" : "Rin",
    "Bears" : "Rin",
    "Rin" : "Rin",
    "Mamma bear" : "Saki",
    "Mamma Bear" : "Saki",
    "Jacket" : "Ryoko",
    "Boss" : "Ryoko",
    "Priest" : "Minami",
    "Priest-sensei" : "Minami",
    "Drunk-sensei" : "Minami",
    "Beer-sensei" : "Minami",
    "Hangover-sensei" : "Minami",
    "Boozer" : "Minami",
    "Reception" : "Receptionist",
    "Babe" : "Pig",
    "Veteran" : "Ryoko",
    "N" : "Narrator",
    "Classy" : "Man",
    "Narrator" : "Narrator",
    "Narratomatic" : "Narrator",
    "Mista Narrata" : "Narrator",
    "Awesome Grandpa" : "Narrator",
    "BLANKET" : "Nadeshiko",
    "General Chikuwa" : "General Chikuwa",
    "Stranger Danger" : "Climber",
    "=_=" : "Climbing partner",
    "Minifang" : "Akari",
    "Mini-Osaka" : "Akari",
    "Grandma" : "Mineko",
    "More pink glasses" : "Shizuka",
    "Pink dude" : "Shuichiro",
    "Bearded Pink" : "(Bearded) Nadeshiko",
    "(´з`)" : "Stall Clerk",
    "Chestnut" : "Chestnut",
    "Weird collar" : "Shop clerk",
    "Bakuon" : "Scooter",
    "Yama otoko" : "Ohmachi",
    "Dungoh" : "Chorus",
    "Grampacampa" : "Narrator",
    "Person" : "Customer",
    "PersonR" : "Receptionist",
    "=D" : "<-",
    "BD" : "->",
    "" : "---"
}
