{
    "Rin" : "Rin",
    "Nadeshiko" : "Nadeshiko",
    "NSister" : "Sakura",
    "Onee-chan" : "Sakura",
    "Sakura" : "Sakura",
    "Driver" : "Driver",
    "NThree" : "Nadeshiko, Rin, & Chiaki",
    "Technician" : "Technician",
    "Ginger-kun" : "Ginger-kun",
    "Motosuko Manager" : "Motosuko Manager",
    "Shimarin; Saki" : "Rin & Saki",
    "Chiaki; Ena; Shimarin" : "Chiaki, Ena, & Rin",
    "Chief" : "Chief",
    "Karipon" : "Karipon",
    "Tsukapons" : "Tsukapons",
    "Delivery" : "Delivery Man",
    "Bike" : "Bike",
    "Shimarin" : "Rin",
    "Saki" : "Saki",
    "Wataru" : "Wataru",
    "Okazaki" : "Okazaki",
    "Ena" : "Ena",
    "Man" : "Man",
    "Kid" : "Kid",
    "Girl 1" : "Girl 1",
    "Girl 2" : "Girl 2",
    "Girl 3" : "Girl 3",
    "Director" : "Director",
    "Director A" : "Director A",
    "Man A" : "Man A",
    "Assistant B" : "Assistant B",
    "Man D" : "Man D",
    "Editor E" : "Editor E",
    "Student E" : "Student E",
    "Student C" : "Student C",
    "Staff (early 30s)" : "Staff",
    "Shimarin; Nadeshiko" : "Rin & Nadeshiko",
    "Woman" : "Woman",
    "Komaki" : "Komaki",
    "Tsukapon" : "Tsukapon",
    "Tsukamob" : "Tsukamob",
    "Chief editor" : "Chief editor",
    "Aoi; Ena" : "Aoi & Ena",
    "NCAS" : "Nadeshiko, Chiaki, Aoi & Ena",
    "Okazaki" : "Okazaki",
    "Shirakawa" : "Shirakawa",
    "Kariya" : "Kariya",
    "Edipon" : "Edipon",
    "Saito" : "Ena",
    "Saitou" : "Ena",
    "Chiaki" : "Chiaki",
    "Aoi" : "Aoi",
    "Akari" : "Akari",
    "Sensei" : "Minami",
    "Ayano" : "Ayano",
    "Seki" : "Seki",
    "SMom" : "Saki",
    "SDad" : "Wataru",
    "NDad" : "Shuichiro",
    "NMom" : "Shizuka",
    "Ohmachi" : "Ohmachi",
    "Haruka" : "Haruka",
    "Takuto" : "Hiroto",
    "DDad" : "Dad",
    "Ar" : "Receptionist",
    "fA" : "Old lady",
    "Ab" : "Boy",
    "Bf" : "Woman",
    "W1" : "Woman A",
    "W2" : "Woman B",
    "M1" : "Man A",
    "M2" : "Man B",
    "Bm" : "Man",
    "K1" : "Kid A",
    "K2" : "Kid B",
    "Ph" : "Phone",
    "Phone" : "Phone",
    "Iidad" : "Iida",
    "Narration" : "Narrator",
    "Zombies" : "Zombies",
    "RSister" : "Ryouko",
    "Iguchi" : "Iguchi",
    "Camera" : "Camera",
    "Iida Daughter" : "Iida's daughter",
    "Iida Dad" : "Iida",
    "Chef" : "Chef",
    "Grandma" : "Grandma",
    "Grandpa" : "Grandpa",
    "Am" : "Old man",
    "Pizza" : "Saleslady",
    "Saleslady" : "Saleslady",
    "Pinecones" : "Pinecones",
    "Pinecone" : "Pinecone",
    "Guy" : "Man",
    "N" : "Narrator",
    "Shop" : "Shopkeeper",
    "Stall" : "Stall clerk",
    "Shrine" : "Shrinekeeper",
    "Camp" : "Camp Receptionist",
    "Student" : "Student",
    "Caribou-sama" : "Caribou-sama",
    "Waiter" : "Waiter",
    "Deer" : "Deer",
    "Customer" : "Customer",
    "Squirrel" : "Squirrel",
    "Tree A" : "Tree A",
    "Tree B" : "Tree B",
    "The Last Pinecone" : "The Last Pinecone",
    "All" : "All",
    "PA" : "PA",
    "Inn" : "Innkeeper",
    "Popo" : "Popo",
    "Ac" : "Choko's owner",
    "Kiritanpo" : "Kiritanpo",
    "Narrator" : "Narrator",
    "" : "---"
}
